year,facility_type,result,count
2024,Caribbean,Violations were cited in the following area(s).,3155
2024,Caribbean,No violations were recorded at the time of this inspection.,22
2024,Caribbean,Establishment re-closed by DOHMH.,56
2024,Caribbean,Establishment Closed by DOHMH. Violations were cited in the following area(s) and those requiring immediate action were addressed.,271
2024,Caribbean,Establishment re-opened by DOHMH.,41
2024,Coffee/Tea,No violations were recorded at the time of this inspection.,82
2024,Coffee/Tea,Violations were cited in the following area(s).,6396
2024,Coffee/Tea,Establishment Closed by DOHMH. Violations were cited in the following area(s) and those requiring immediate action were addressed.,128
2024,Coffee/Tea,Establishment re-opened by DOHMH.,15
2024,Coffee/Tea,Establishment re-closed by DOHMH.,11
2024,Pizza,Violations were cited in the following area(s).,5269
2024,Pizza,No violations were recorded at the time of this inspection.,29
2024,Pizza,Establishment re-opened by DOHMH.,29
2024,Pizza,Establishment Closed by DOHMH. Violations were cited in the following area(s) and those requiring immediate action were addressed.,168
2024,Pizza,Establishment re-closed by DOHMH.,9
2024,Japanese,Violations were cited in the following area(s).,3021
2024,Japanese,No violations were recorded at the time of this inspection.,37
2024,Japanese,Establishment re-opened by DOHMH.,27
2024,Japanese,Establishment Closed by DOHMH. Violations were cited in the following area(s) and those requiring immediate action were addressed.,150
2024,Japanese,Establishment re-closed by DOHMH.,27
2024,Korean,Violations were cited in the following area(s).,1271
2024,Korean,Establishment Closed by DOHMH. Violations were cited in the following area(s) and those requiring immediate action were addressed.,19
2024,Korean,No violations were recorded at the time of this inspection.,9
2024,Korean,Establishment re-opened by DOHMH.,5
2024,Chinese,Establishment re-closed by DOHMH.,69
2024,Chinese,Violations were cited in the following area(s).,8176
2024,Chinese,Establishment re-opened by DOHMH.,87
2024,Chinese,No violations were recorded at the time of this inspection.,59
2024,Chinese,Establishment Closed by DOHMH. Violations were cited in the following area(s) and those requiring immediate action were addressed.,569
2024,Tex-Mex,Violations were cited in the following area(s).,898
2024,Tex-Mex,Establishment re-opened by DOHMH.,7
2024,Tex-Mex,No violations were recorded at the time of this inspection.,6
2024,Tex-Mex,Establishment Closed by DOHMH. Violations were cited in the following area(s) and those requiring immediate action were addressed.,35
2024,Tex-Mex,Establishment re-closed by DOHMH.,2
2024,"Juice, Smoothies, Fruit Salads",No violations were recorded at the time of this inspection.,21
2024,"Juice, Smoothies, Fruit Salads",Violations were cited in the following area(s).,1664
2024,"Juice, Smoothies, Fruit Salads",Establishment Closed by DOHMH. Violations were cited in the following area(s) and those requiring immediate action were addressed.,49
2024,"Juice, Smoothies, Fruit Salads",Establishment re-opened by DOHMH.,4
2024,"Juice, Smoothies, Fruit Salads",Establishment re-closed by DOHMH.,13
2024,American,Violations were cited in the following area(s).,13997
2024,American,No violations were recorded at the time of this inspection.,133
2024,American,Establishment Closed by DOHMH. Violations were cited in the following area(s) and those requiring immediate action were addressed.,238
2024,American,Establishment re-opened by DOHMH.,45
2024,American,Establishment re-closed by DOHMH.,35
2024,Mediterranean,Violations were cited in the following area(s).,1099
2024,Mediterranean,Establishment Closed by DOHMH. Violations were cited in the following area(s) and those requiring immediate action were addressed.,69
2024,Mediterranean,Establishment re-closed by DOHMH.,6
2024,Mediterranean,No violations were recorded at the time of this inspection.,7
2024,Mediterranean,Establishment re-opened by DOHMH.,9
2024,Thai,Violations were cited in the following area(s).,1362
2024,Thai,Establishment re-closed by DOHMH.,25
2024,Thai,No violations were recorded at the time of this inspection.,17
2024,Thai,Establishment Closed by DOHMH. Violations were cited in the following area(s) and those requiring immediate action were addressed.,73
2024,Thai,Establishment re-opened by DOHMH.,14
2024,Latin American,Violations were cited in the following area(s).,3686
2024,Latin American,No violations were recorded at the time of this inspection.,19
2024,Latin American,Establishment Closed by DOHMH. Violations were cited in the following area(s) and those requiring immediate action were addressed.,168
2024,Latin American,Establishment re-opened by DOHMH.,30
2024,Latin American,Establishment re-closed by DOHMH.,12
2024,Mexican,Violations were cited in the following area(s).,3574
2024,Mexican,No violations were recorded at the time of this inspection.,31
2024,Mexican,Establishment Closed by DOHMH. Violations were cited in the following area(s) and those requiring immediate action were addressed.,122
2024,Mexican,Establishment re-opened by DOHMH.,19
2024,Mexican,Establishment re-closed by DOHMH.,30
2024,Italian,Violations were cited in the following area(s).,2755
2024,Italian,No violations were recorded at the time of this inspection.,37
2024,Italian,Establishment Closed by DOHMH. Violations were cited in the following area(s) and those requiring immediate action were addressed.,24
2024,Italian,Establishment re-opened by DOHMH.,4
2024,Italian,Establishment re-closed by DOHMH.,8
2024,Lebanese,No violations were recorded at the time of this inspection.,1
2024,Lebanese,Establishment Closed by DOHMH. Violations were cited in the following area(s) and those requiring immediate action were addressed.,3
2024,Lebanese,Violations were cited in the following area(s).,19
2024,Lebanese,Establishment re-opened by DOHMH.,2
2024,Spanish,Violations were cited in the following area(s).,2316
2024,Spanish,Establishment re-closed by DOHMH.,11
2024,Spanish,No violations were recorded at the time of this inspection.,11
2024,Spanish,Establishment re-opened by DOHMH.,15
2024,Spanish,Establishment Closed by DOHMH. Violations were cited in the following area(s) and those requiring immediate action were addressed.,85
2024,Chinese/Japanese,Violations were cited in the following area(s).,188
2024,Chinese/Japanese,Establishment re-opened by DOHMH.,2
2024,Russian,Violations were cited in the following area(s).,124
2024,Chicken,Violations were cited in the following area(s).,2163
2024,Chicken,Establishment Closed by DOHMH. Violations were cited in the following area(s) and those requiring immediate action were addressed.,121
2024,Chicken,Establishment re-closed by DOHMH.,44
2024,Chicken,No violations were recorded at the time of this inspection.,24
2024,Chicken,Establishment re-opened by DOHMH.,20
2024,Middle Eastern,Violations were cited in the following area(s).,697
2024,Middle Eastern,Establishment Closed by DOHMH. Violations were cited in the following area(s) and those requiring immediate action were addressed.,68
2024,Middle Eastern,No violations were recorded at the time of this inspection.,4
2024,Middle Eastern,Establishment re-opened by DOHMH.,11
2024,Middle Eastern,Establishment re-closed by DOHMH.,14
2024,Seafood,Violations were cited in the following area(s).,710
2024,Seafood,No violations were recorded at the time of this inspection.,8
2024,Seafood,Establishment Closed by DOHMH. Violations were cited in the following area(s) and those requiring immediate action were addressed.,36
2024,Seafood,Establishment re-opened by DOHMH.,6
2024,Seafood,Establishment re-closed by DOHMH.,6
2024,Indian,Violations were cited in the following area(s).,1241
2024,Indian,Establishment re-closed by DOHMH.,33
2024,Indian,Establishment Closed by DOHMH. Violations were cited in the following area(s) and those requiring immediate action were addressed.,184
2024,Indian,Establishment re-opened by DOHMH.,22
2024,Indian,No violations were recorded at the time of this inspection.,9
2024,Hamburgers,Violations were cited in the following area(s).,1343
2024,Hamburgers,No violations were recorded at the time of this inspection.,16
2024,Hamburgers,Establishment Closed by DOHMH. Violations were cited in the following area(s) and those requiring immediate action were addressed.,2
2024,Hamburgers,Establishment re-opened by DOHMH.,1
2024,Donuts,No violations were recorded at the time of this inspection.,17
2024,Donuts,Violations were cited in the following area(s).,1509
2024,Donuts,Establishment Closed by DOHMH. Violations were cited in the following area(s) and those requiring immediate action were addressed.,22
2024,Donuts,Establishment re-opened by DOHMH.,4
2024,French,Violations were cited in the following area(s).,820
2024,French,Establishment Closed by DOHMH. Violations were cited in the following area(s) and those requiring immediate action were addressed.,6
2024,French,Establishment re-opened by DOHMH.,2
2024,French,No violations were recorded at the time of this inspection.,4
2024,Barbecue,Violations were cited in the following area(s).,185
2024,Barbecue,No violations were recorded at the time of this inspection.,2
2024,Asian/Asian Fusion,Violations were cited in the following area(s).,1827
2024,Asian/Asian Fusion,Establishment Closed by DOHMH. Violations were cited in the following area(s) and those requiring immediate action were addressed.,90
2024,Asian/Asian Fusion,No violations were recorded at the time of this inspection.,13
2024,Asian/Asian Fusion,Establishment re-opened by DOHMH.,13
2024,Bakery Products/Desserts,No violations were recorded at the time of this inspection.,25
2024,Bakery Products/Desserts,Establishment re-opened by DOHMH.,26
2024,Bakery Products/Desserts,Violations were cited in the following area(s).,3496
2024,Bakery Products/Desserts,Establishment Closed by DOHMH. Violations were cited in the following area(s) and those requiring immediate action were addressed.,159
2024,Bakery Products/Desserts,Establishment re-closed by DOHMH.,15
2024,Jewish/Kosher,Violations were cited in the following area(s).,1272
2024,Jewish/Kosher,Establishment Closed by DOHMH. Violations were cited in the following area(s) and those requiring immediate action were addressed.,102
2024,Jewish/Kosher,Establishment re-opened by DOHMH.,15
2024,Jewish/Kosher,No violations were recorded at the time of this inspection.,3
2024,Other,No violations were recorded at the time of this inspection.,13
2024,Other,Violations were cited in the following area(s).,1320
2024,Other,Establishment Closed by DOHMH. Violations were cited in the following area(s) and those requiring immediate action were addressed.,11
2024,Salads,Violations were cited in the following area(s).,291
2024,Salads,Establishment Closed by DOHMH. Violations were cited in the following area(s) and those requiring immediate action were addressed.,17
2024,Salads,Establishment re-opened by DOHMH.,3
2024,Salads,Establishment re-closed by DOHMH.,2
2024,Salads,No violations were recorded at the time of this inspection.,1
2024,Bangladeshi,Violations were cited in the following area(s).,365
2024,Bangladeshi,Establishment re-opened by DOHMH.,10
2024,Bangladeshi,Establishment Closed by DOHMH. Violations were cited in the following area(s) and those requiring immediate action were addressed.,77
2024,Bangladeshi,Establishment re-closed by DOHMH.,4
2024,African,Violations were cited in the following area(s).,420
2024,African,Establishment Closed by DOHMH. Violations were cited in the following area(s) and those requiring immediate action were addressed.,55
2024,African,No violations were recorded at the time of this inspection.,7
2024,African,Establishment re-opened by DOHMH.,8
2024,African,Establishment re-closed by DOHMH.,11
2024,Turkish,Violations were cited in the following area(s).,222
2024,Turkish,Establishment re-closed by DOHMH.,14
2024,Turkish,Establishment Closed by DOHMH. Violations were cited in the following area(s) and those requiring immediate action were addressed.,24
2024,Turkish,Establishment re-opened by DOHMH.,4
2024,Southeast Asian,Violations were cited in the following area(s).,302
2024,Southeast Asian,Establishment Closed by DOHMH. Violations were cited in the following area(s) and those requiring immediate action were addressed.,22
2024,Southeast Asian,No violations were recorded at the time of this inspection.,1
2024,Southeast Asian,Establishment re-opened by DOHMH.,5
2024,Frozen Desserts,Violations were cited in the following area(s).,950
2024,Frozen Desserts,Establishment Closed by DOHMH. Violations were cited in the following area(s) and those requiring immediate action were addressed.,3
2024,Frozen Desserts,No violations were recorded at the time of this inspection.,7
2024,Frozen Desserts,Establishment re-opened by DOHMH.,2
2024,Continental,Violations were cited in the following area(s).,135
2024,Continental,No violations were recorded at the time of this inspection.,1
2024,Bottled Beverages,Violations were cited in the following area(s).,336
2024,Bottled Beverages,No violations were recorded at the time of this inspection.,8
2024,Chinese/Cuban,Violations were cited in the following area(s).,56
2024,Chinese/Cuban,Establishment Closed by DOHMH. Violations were cited in the following area(s) and those requiring immediate action were addressed.,9
2024,Chinese/Cuban,Establishment re-opened by DOHMH.,1
2024,Pakistani,Violations were cited in the following area(s).,171
2024,Pakistani,No violations were recorded at the time of this inspection.,3
2024,Eastern European,Violations were cited in the following area(s).,403
2024,Eastern European,Establishment Closed by DOHMH. Violations were cited in the following area(s) and those requiring immediate action were addressed.,35
2024,Eastern European,Establishment re-closed by DOHMH.,2
2024,Eastern European,Establishment re-opened by DOHMH.,6
2024,Eastern European,No violations were recorded at the time of this inspection.,2
2024,Bagels/Pretzels,Violations were cited in the following area(s).,759
2024,Bagels/Pretzels,Establishment re-closed by DOHMH.,6
2024,Bagels/Pretzels,Establishment re-opened by DOHMH.,8
2024,Bagels/Pretzels,Establishment Closed by DOHMH. Violations were cited in the following area(s) and those requiring immediate action were addressed.,29
2024,Bagels/Pretzels,No violations were recorded at the time of this inspection.,2
2024,Greek,Violations were cited in the following area(s).,453
2024,Moroccan,Violations were cited in the following area(s).,23
2024,Moroccan,Establishment Closed by DOHMH. Violations were cited in the following area(s) and those requiring immediate action were addressed.,14
2024,Moroccan,Establishment re-closed by DOHMH.,6
2024,Moroccan,Establishment re-opened by DOHMH.,1
2024,Steakhouse,Violations were cited in the following area(s).,261
2024,Steakhouse,No violations were recorded at the time of this inspection.,3
2024,Scandinavian,Violations were cited in the following area(s).,24
2024,Sandwiches,Violations were cited in the following area(s).,1684
2024,Sandwiches,No violations were recorded at the time of this inspection.,15
2024,Sandwiches,Establishment Closed by DOHMH. Violations were cited in the following area(s) and those requiring immediate action were addressed.,24
2024,Sandwiches,Establishment re-closed by DOHMH.,4
2024,Sandwiches,Establishment re-opened by DOHMH.,2
2024,Vegan,Violations were cited in the following area(s).,147
2024,Vegan,No violations were recorded at the time of this inspection.,4
2024,Australian,Violations were cited in the following area(s).,138
2024,Australian,No violations were recorded at the time of this inspection.,2
2024,Fusion,Violations were cited in the following area(s).,273
2024,Fusion,Establishment Closed by DOHMH. Violations were cited in the following area(s) and those requiring immediate action were addressed.,24
2024,Fusion,Establishment re-opened by DOHMH.,3
2024,Fusion,No violations were recorded at the time of this inspection.,2
2024,Soups/Salads/Sandwiches,Violations were cited in the following area(s).,106
2024,Sandwiches/Salads/Mixed Buffet,Violations were cited in the following area(s).,455
2024,Sandwiches/Salads/Mixed Buffet,No violations were recorded at the time of this inspection.,7
2024,Cajun,Violations were cited in the following area(s).,22
2024,Not Listed/Not Applicable,Violations were cited in the following area(s).,23
2024,Irish,Violations were cited in the following area(s).,540
2024,Irish,Establishment re-opened by DOHMH.,5
2024,Irish,Establishment re-closed by DOHMH.,20
2024,Irish,Establishment Closed by DOHMH. Violations were cited in the following area(s) and those requiring immediate action were addressed.,19
2024,Irish,No violations were recorded at the time of this inspection.,3
2024,English,Violations were cited in the following area(s).,31
2024,Peruvian,Violations were cited in the following area(s).,368
2024,Peruvian,No violations were recorded at the time of this inspection.,2
2024,Hotdogs/Pretzels,Violations were cited in the following area(s).,75
2024,German,Violations were cited in the following area(s).,86
2024,German,Establishment Closed by DOHMH. Violations were cited in the following area(s) and those requiring immediate action were addressed.,6
2024,German,No violations were recorded at the time of this inspection.,2
2024,German,Establishment re-opened by DOHMH.,1
2024,Vegetarian,Violations were cited in the following area(s).,219
2024,Vegetarian,Establishment Closed by DOHMH. Violations were cited in the following area(s) and those requiring immediate action were addressed.,9
2024,Vegetarian,Establishment re-opened by DOHMH.,1
2024,Vegetarian,No violations were recorded at the time of this inspection.,3
2024,Soul Food,Violations were cited in the following area(s).,224
2024,Soul Food,No violations were recorded at the time of this inspection.,3
2024,Hawaiian,Violations were cited in the following area(s).,94
2024,Hawaiian,No violations were recorded at the time of this inspection.,1
2024,Creole,Establishment Closed by DOHMH. Violations were cited in the following area(s) and those requiring immediate action were addressed.,10
2024,Creole,Violations were cited in the following area(s).,117
2024,Creole,Establishment re-opened by DOHMH.,1
2024,Tapas,Violations were cited in the following area(s).,114
2024,Tapas,No violations were recorded at the time of this inspection.,1
2024,Afghan,Violations were cited in the following area(s).,54
2024,Pancakes/Waffles,Violations were cited in the following area(s).,115
2024,Indonesian,Violations were cited in the following area(s).,45
2024,Egyptian,Violations were cited in the following area(s).,37
2024,Egyptian,Establishment Closed by DOHMH. Violations were cited in the following area(s) and those requiring immediate action were addressed.,10
2024,Egyptian,Establishment re-closed by DOHMH.,6
2024,Egyptian,Establishment re-opened by DOHMH.,1
2024,Ethiopian,Violations were cited in the following area(s).,36
2024,Armenian,Violations were cited in the following area(s).,35
2024,Polish,Violations were cited in the following area(s).,48
2024,Polish,No violations were recorded at the time of this inspection.,1
2024,Filipino,Violations were cited in the following area(s).,209
2024,Filipino,Establishment Closed by DOHMH. Violations were cited in the following area(s) and those requiring immediate action were addressed.,14
2024,Filipino,Establishment re-opened by DOHMH.,2
2024,Filipino,No violations were recorded at the time of this inspection.,4
2024,Hotdogs,Violations were cited in the following area(s).,54
2024,Hotdogs,No violations were recorded at the time of this inspection.,4
2024,Californian,Violations were cited in the following area(s).,12
2024,New French,Violations were cited in the following area(s).,20
2024,Brazilian,Violations were cited in the following area(s).,122
2024,Brazilian,No violations were recorded at the time of this inspection.,3
2024,New American,Violations were cited in the following area(s).,140
2024,New American,No violations were recorded at the time of this inspection.,2
2024,Portuguese,Violations were cited in the following area(s).,28
2024,Portuguese,Establishment Closed by DOHMH. Violations were cited in the following area(s) and those requiring immediate action were addressed.,16
2024,Portuguese,Establishment re-opened by DOHMH.,1
2024,Iranian,Violations were cited in the following area(s).,15
2024,Chilean,Violations were cited in the following area(s).,5
2024,Soups,Violations were cited in the following area(s).,8
2024,Creole/Cajun,Violations were cited in the following area(s).,18
2024,Fruits/Vegetables,Violations were cited in the following area(s).,14
2024,Basque,Violations were cited in the following area(s).,8
2024,Czech,Violations were cited in the following area(s).,7
2024,Nuts/Confectionary,Violations were cited in the following area(s).,3
2021,Peruvian,No violations were recorded at the time of this inspection.,1
2021,Peruvian,Violations were cited in the following area(s).,31
2021,Australian,Violations were cited in the following area(s).,8
2021,Vegan,Violations were cited in the following area(s).,31
2021,Vegan,Establishment Closed by DOHMH. Violations were cited in the following area(s) and those requiring immediate action were addressed.,5
2021,Salads,Violations were cited in the following area(s).,35
2021,Coffee/Tea,Violations were cited in the following area(s).,595
2021,Coffee/Tea,No violations were recorded at the time of this inspection.,7
2021,Coffee/Tea,Establishment re-opened by DOHMH.,9
2021,Coffee/Tea,Establishment Closed by DOHMH. Violations were cited in the following area(s) and those requiring immediate action were addressed.,17
2021,Bagels/Pretzels,Violations were cited in the following area(s).,70
2021,Bagels/Pretzels,Establishment re-opened by DOHMH.,3
2021,Bagels/Pretzels,Establishment Closed by DOHMH. Violations were cited in the following area(s) and those requiring immediate action were addressed.,9
2021,Mediterranean,Violations were cited in the following area(s).,65
2021,Mediterranean,Establishment Closed by DOHMH. Violations were cited in the following area(s) and those requiring immediate action were addressed.,6
2021,Mediterranean,Establishment re-opened by DOHMH.,2
2021,American,Violations were cited in the following area(s).,1026
2021,American,No violations were recorded at the time of this inspection.,8
2021,American,Establishment Closed by DOHMH. Violations were cited in the following area(s) and those requiring immediate action were addressed.,15
2021,American,Establishment re-opened by DOHMH.,10
2021,American,Establishment re-closed by DOHMH.,4
2021,Sandwiches,Violations were cited in the following area(s).,175
2021,Bakery Products/Desserts,No violations were recorded at the time of this inspection.,5
2021,Bakery Products/Desserts,Violations were cited in the following area(s).,292
2021,Bakery Products/Desserts,Establishment Closed by DOHMH. Violations were cited in the following area(s) and those requiring immediate action were addressed.,8
2021,Bakery Products/Desserts,Establishment re-opened by DOHMH.,1
2021,Chinese,Violations were cited in the following area(s).,645
2021,Chinese,Establishment Closed by DOHMH. Violations were cited in the following area(s) and those requiring immediate action were addressed.,10
2021,Chinese,Establishment re-opened by DOHMH.,4
2021,Chinese,No violations were recorded at the time of this inspection.,2
2021,French,Violations were cited in the following area(s).,65
2021,Pizza,Violations were cited in the following area(s).,553
2021,Pizza,Establishment re-opened by DOHMH.,8
2021,Pizza,Establishment Closed by DOHMH. Violations were cited in the following area(s) and those requiring immediate action were addressed.,32
2021,Pizza,No violations were recorded at the time of this inspection.,3
2021,Greek,Violations were cited in the following area(s).,30
2021,Caribbean,Violations were cited in the following area(s).,167
2021,Caribbean,Establishment re-closed by DOHMH.,4
2021,Caribbean,Establishment Closed by DOHMH. Violations were cited in the following area(s) and those requiring immediate action were addressed.,15
2021,Caribbean,No violations were recorded at the time of this inspection.,2
2021,Caribbean,Establishment re-opened by DOHMH.,4
2021,Bottled Beverages,Violations were cited in the following area(s).,42
2021,Bottled Beverages,No violations were recorded at the time of this inspection.,1
2021,Latin American,Violations were cited in the following area(s).,197
2021,Latin American,Establishment Closed by DOHMH. Violations were cited in the following area(s) and those requiring immediate action were addressed.,8
2021,Latin American,Establishment re-opened by DOHMH.,1
2021,Hamburgers,Violations were cited in the following area(s).,162
2021,Hamburgers,No violations were recorded at the time of this inspection.,1
2021,Frozen Desserts,Violations were cited in the following area(s).,130
2021,Frozen Desserts,No violations were recorded at the time of this inspection.,1
2021,Chicken,Violations were cited in the following area(s).,235
2021,Chicken,Establishment Closed by DOHMH. Violations were cited in the following area(s) and those requiring immediate action were addressed.,12
2021,Chicken,No violations were recorded at the time of this inspection.,1
2021,Chicken,Establishment re-opened by DOHMH.,1
2021,Tex-Mex,Violations were cited in the following area(s).,104
2021,Tex-Mex,No violations were recorded at the time of this inspection.,1
2021,Mexican,Violations were cited in the following area(s).,258
2021,Mexican,Establishment Closed by DOHMH. Violations were cited in the following area(s) and those requiring immediate action were addressed.,5
2021,Irish,Violations were cited in the following area(s).,87
2021,Italian,Violations were cited in the following area(s).,262
2021,Italian,No violations were recorded at the time of this inspection.,2
2021,Donuts,Violations were cited in the following area(s).,236
2021,Sandwiches/Salads/Mixed Buffet,Violations were cited in the following area(s).,31
2021,Jewish/Kosher,Violations were cited in the following area(s).,86
2021,Jewish/Kosher,Establishment Closed by DOHMH. Violations were cited in the following area(s) and those requiring immediate action were addressed.,11
2021,Jewish/Kosher,Establishment re-opened by DOHMH.,3
2021,"Juice, Smoothies, Fruit Salads",Violations were cited in the following area(s).,106
2021,"Juice, Smoothies, Fruit Salads",No violations were recorded at the time of this inspection.,1
2021,Fusion,Violations were cited in the following area(s).,17
2021,Spanish,Violations were cited in the following area(s).,168
2021,Spanish,No violations were recorded at the time of this inspection.,1
2021,Spanish,Establishment re-opened by DOHMH.,1
2021,Spanish,Establishment Closed by DOHMH. Violations were cited in the following area(s) and those requiring immediate action were addressed.,6
2021,Japanese,Violations were cited in the following area(s).,174
2021,Indian,Violations were cited in the following area(s).,73
2021,Indian,Establishment Closed by DOHMH. Violations were cited in the following area(s) and those requiring immediate action were addressed.,5
2021,Indian,Establishment re-opened by DOHMH.,1
2021,Asian/Asian Fusion,Violations were cited in the following area(s).,113
2021,Asian/Asian Fusion,Establishment Closed by DOHMH. Violations were cited in the following area(s) and those requiring immediate action were addressed.,9
2021,Asian/Asian Fusion,Establishment re-opened by DOHMH.,1
2021,Hawaiian,Violations were cited in the following area(s).,5
2021,Korean,Violations were cited in the following area(s).,88
2021,Korean,No violations were recorded at the time of this inspection.,1
2021,Creole,Violations were cited in the following area(s).,10
2021,Eastern European,Violations were cited in the following area(s).,38
2021,Southeast Asian,Violations were cited in the following area(s).,43
2021,Soul Food,Violations were cited in the following area(s).,15
2021,Cajun,Violations were cited in the following area(s).,14
2021,Thai,Violations were cited in the following area(s).,100
2021,Thai,Establishment Closed by DOHMH. Violations were cited in the following area(s) and those requiring immediate action were addressed.,4
2021,Thai,Establishment re-opened by DOHMH.,1
2021,Seafood,Violations were cited in the following area(s).,80
2021,Seafood,No violations were recorded at the time of this inspection.,2
2021,Barbecue,Violations were cited in the following area(s).,26
2021,Barbecue,No violations were recorded at the time of this inspection.,1
2021,African,Violations were cited in the following area(s).,13
2021,Pakistani,Establishment Closed by DOHMH. Violations were cited in the following area(s) and those requiring immediate action were addressed.,4
2021,Pakistani,Violations were cited in the following area(s).,3
2021,Pakistani,Establishment re-opened by DOHMH.,1
2021,Vegetarian,Violations were cited in the following area(s).,21
2021,Bangladeshi,Violations were cited in the following area(s).,14
2021,Steakhouse,Violations were cited in the following area(s).,28
2021,Egyptian,Violations were cited in the following area(s).,14
2021,Indonesian,Violations were cited in the following area(s).,9
2021,Ethiopian,Violations were cited in the following area(s).,15
2021,Iranian,Violations were cited in the following area(s).,6
2021,Middle Eastern,Violations were cited in the following area(s).,51
2021,Turkish,Violations were cited in the following area(s).,22
2021,Turkish,No violations were recorded at the time of this inspection.,1
2021,Other,Violations were cited in the following area(s).,34
2021,Other,No violations were recorded at the time of this inspection.,2
2021,Lebanese,Violations were cited in the following area(s).,4
2021,Filipino,Violations were cited in the following area(s).,3
2021,Tapas,Violations were cited in the following area(s).,10
2021,Russian,Violations were cited in the following area(s).,3
2021,Not Listed/Not Applicable,Violations were cited in the following area(s).,5
2021,New American,Violations were cited in the following area(s).,5
2021,English,Violations were cited in the following area(s).,4
2021,Afghan,Violations were cited in the following area(s).,3
2021,Hotdogs,Violations were cited in the following area(s).,5
2021,Soups/Salads/Sandwiches,Violations were cited in the following area(s).,7
2021,Chilean,Violations were cited in the following area(s).,4
2021,Moroccan,Violations were cited in the following area(s).,6
2021,Chinese/Japanese,Violations were cited in the following area(s).,4
2021,New French,Violations were cited in the following area(s).,3
2021,Soups,Violations were cited in the following area(s).,2
2021,Portuguese,Violations were cited in the following area(s).,8
2021,Polish,Violations were cited in the following area(s).,5
2021,Continental,Violations were cited in the following area(s).,3
2021,Continental,No violations were recorded at the time of this inspection.,1
2021,Hotdogs/Pretzels,Violations were cited in the following area(s).,2
2022,Eastern European,Violations were cited in the following area(s).,243
2022,Eastern European,Establishment re-opened by DOHMH.,9
2022,Eastern European,Establishment Closed by DOHMH. Violations were cited in the following area(s) and those requiring immediate action were addressed.,27
2022,Eastern European,No violations were recorded at the time of this inspection.,1
2022,American,Violations were cited in the following area(s).,10629
2022,American,No violations were recorded at the time of this inspection.,50
2022,American,Establishment Closed by DOHMH. Violations were cited in the following area(s) and those requiring immediate action were addressed.,198
2022,American,Establishment re-closed by DOHMH.,34
2022,American,Establishment re-opened by DOHMH.,54
2022,Turkish,Violations were cited in the following area(s).,148
2022,Turkish,Establishment Closed by DOHMH. Violations were cited in the following area(s) and those requiring immediate action were addressed.,7
2022,Turkish,Establishment re-opened by DOHMH.,2
2022,French,Violations were cited in the following area(s).,775
2022,French,No violations were recorded at the time of this inspection.,3
2022,French,Establishment re-closed by DOHMH.,13
2022,French,Establishment Closed by DOHMH. Violations were cited in the following area(s) and those requiring immediate action were addressed.,17
2022,French,Establishment re-opened by DOHMH.,9
2022,Italian,Violations were cited in the following area(s).,2379
2022,Italian,Establishment re-opened by DOHMH.,14
2022,Italian,No violations were recorded at the time of this inspection.,10
2022,Italian,Establishment Closed by DOHMH. Violations were cited in the following area(s) and those requiring immediate action were addressed.,45
2022,Italian,Establishment re-closed by DOHMH.,17
2022,Chinese,Violations were cited in the following area(s).,5717
2022,Chinese,Establishment re-opened by DOHMH.,105
2022,Chinese,Establishment Closed by DOHMH. Violations were cited in the following area(s) and those requiring immediate action were addressed.,453
2022,Chinese,Establishment re-closed by DOHMH.,41
2022,Chinese,No violations were recorded at the time of this inspection.,9
2022,Tex-Mex,Violations were cited in the following area(s).,861
2022,Tex-Mex,No violations were recorded at the time of this inspection.,7
2022,Tex-Mex,Establishment Closed by DOHMH. Violations were cited in the following area(s) and those requiring immediate action were addressed.,10
2022,Tex-Mex,Establishment re-opened by DOHMH.,3
2022,Chicken,No violations were recorded at the time of this inspection.,7
2022,Chicken,Violations were cited in the following area(s).,1550
2022,Chicken,Establishment re-opened by DOHMH.,18
2022,Chicken,Establishment Closed by DOHMH. Violations were cited in the following area(s) and those requiring immediate action were addressed.,54
2022,Pizza,Violations were cited in the following area(s).,4027
2022,Pizza,Establishment re-closed by DOHMH.,12
2022,Pizza,No violations were recorded at the time of this inspection.,8
2022,Pizza,Establishment Closed by DOHMH. Violations were cited in the following area(s) and those requiring immediate action were addressed.,139
2022,Pizza,Establishment re-opened by DOHMH.,36
2022,Coffee/Tea,Violations were cited in the following area(s).,4283
2022,Coffee/Tea,Establishment re-opened by DOHMH.,26
2022,Coffee/Tea,Establishment Closed by DOHMH. Violations were cited in the following area(s) and those requiring immediate action were addressed.,90
2022,Coffee/Tea,Establishment re-closed by DOHMH.,9
2022,Coffee/Tea,No violations were recorded at the time of this inspection.,25
2022,Mexican,Violations were cited in the following area(s).,2756
2022,Mexican,Establishment Closed by DOHMH. Violations were cited in the following area(s) and those requiring immediate action were addressed.,69
2022,Mexican,Establishment re-opened by DOHMH.,18
2022,Mexican,No violations were recorded at the time of this inspection.,9
2022,Jewish/Kosher,Violations were cited in the following area(s).,843
2022,Jewish/Kosher,Establishment Closed by DOHMH. Violations were cited in the following area(s) and those requiring immediate action were addressed.,73
2022,Jewish/Kosher,Establishment re-opened by DOHMH.,22
2022,Jewish/Kosher,No violations were recorded at the time of this inspection.,2
2022,Korean,Violations were cited in the following area(s).,860
2022,Korean,Establishment re-opened by DOHMH.,7
2022,Korean,Establishment Closed by DOHMH. Violations were cited in the following area(s) and those requiring immediate action were addressed.,32
2022,Korean,No violations were recorded at the time of this inspection.,4
2022,Korean,Establishment re-closed by DOHMH.,8
2022,Thai,Violations were cited in the following area(s).,957
2022,Thai,Establishment Closed by DOHMH. Violations were cited in the following area(s) and those requiring immediate action were addressed.,51
2022,Thai,Establishment re-opened by DOHMH.,14
2022,Thai,Establishment re-closed by DOHMH.,4
2022,Thai,No violations were recorded at the time of this inspection.,2
2022,Hamburgers,Establishment re-opened by DOHMH.,5
2022,Hamburgers,Violations were cited in the following area(s).,1127
2022,Hamburgers,Establishment Closed by DOHMH. Violations were cited in the following area(s) and those requiring immediate action were addressed.,16
2022,Hamburgers,No violations were recorded at the time of this inspection.,3
2022,Vegan,Violations were cited in the following area(s).,155
2022,Vegan,No violations were recorded at the time of this inspection.,1
2022,Caribbean,Violations were cited in the following area(s).,2191
2022,Caribbean,Establishment Closed by DOHMH. Violations were cited in the following area(s) and those requiring immediate action were addressed.,166
2022,Caribbean,Establishment re-opened by DOHMH.,42
2022,Caribbean,Establishment re-closed by DOHMH.,5
2022,Caribbean,No violations were recorded at the time of this inspection.,7
2022,Mediterranean,Violations were cited in the following area(s).,843
2022,Mediterranean,Establishment re-opened by DOHMH.,1
2022,Mediterranean,No violations were recorded at the time of this inspection.,3
2022,Donuts,Violations were cited in the following area(s).,1322
2022,Donuts,Establishment re-opened by DOHMH.,7
2022,Donuts,Establishment Closed by DOHMH. Violations were cited in the following area(s) and those requiring immediate action were addressed.,26
2022,Donuts,No violations were recorded at the time of this inspection.,6
2022,Frozen Desserts,Violations were cited in the following area(s).,700
2022,Frozen Desserts,Establishment Closed by DOHMH. Violations were cited in the following area(s) and those requiring immediate action were addressed.,6
2022,Frozen Desserts,No violations were recorded at the time of this inspection.,6
2022,Frozen Desserts,Establishment re-opened by DOHMH.,4
2022,Bagels/Pretzels,Violations were cited in the following area(s).,661
2022,Bagels/Pretzels,No violations were recorded at the time of this inspection.,2
2022,Bagels/Pretzels,Establishment Closed by DOHMH. Violations were cited in the following area(s) and those requiring immediate action were addressed.,24
2022,Bagels/Pretzels,Establishment re-opened by DOHMH.,3
2022,Japanese,Violations were cited in the following area(s).,2040
2022,Japanese,Establishment Closed by DOHMH. Violations were cited in the following area(s) and those requiring immediate action were addressed.,53
2022,Japanese,No violations were recorded at the time of this inspection.,2
2022,Japanese,Establishment re-closed by DOHMH.,5
2022,Japanese,Establishment re-opened by DOHMH.,14
2022,Bakery Products/Desserts,Violations were cited in the following area(s).,2361
2022,Bakery Products/Desserts,Establishment Closed by DOHMH. Violations were cited in the following area(s) and those requiring immediate action were addressed.,98
2022,Bakery Products/Desserts,No violations were recorded at the time of this inspection.,12
2022,Bakery Products/Desserts,Establishment re-closed by DOHMH.,10
2022,Bakery Products/Desserts,Establishment re-opened by DOHMH.,40
2022,Asian/Asian Fusion,Violations were cited in the following area(s).,1150
2022,Asian/Asian Fusion,No violations were recorded at the time of this inspection.,5
2022,Asian/Asian Fusion,Establishment Closed by DOHMH. Violations were cited in the following area(s) and those requiring immediate action were addressed.,45
2022,Asian/Asian Fusion,Establishment re-closed by DOHMH.,6
2022,Asian/Asian Fusion,Establishment re-opened by DOHMH.,12
2022,Southeast Asian,Violations were cited in the following area(s).,332
2022,Southeast Asian,Establishment Closed by DOHMH. Violations were cited in the following area(s) and those requiring immediate action were addressed.,27
2022,Southeast Asian,Establishment re-opened by DOHMH.,5
2022,Indian,Violations were cited in the following area(s).,824
2022,Indian,Establishment Closed by DOHMH. Violations were cited in the following area(s) and those requiring immediate action were addressed.,79
2022,Indian,Establishment re-closed by DOHMH.,8
2022,Indian,Establishment re-opened by DOHMH.,24
2022,Indian,No violations were recorded at the time of this inspection.,3
2022,Californian,Violations were cited in the following area(s).,14
2022,Spanish,Violations were cited in the following area(s).,1380
2022,Spanish,Establishment re-opened by DOHMH.,15
2022,Spanish,Establishment Closed by DOHMH. Violations were cited in the following area(s) and those requiring immediate action were addressed.,73
2022,Spanish,Establishment re-closed by DOHMH.,9
2022,Spanish,No violations were recorded at the time of this inspection.,4
2022,Pakistani,Violations were cited in the following area(s).,102
2022,Pakistani,Establishment Closed by DOHMH. Violations were cited in the following area(s) and those requiring immediate action were addressed.,13
2022,Pakistani,Establishment re-closed by DOHMH.,5
2022,Pakistani,Establishment re-opened by DOHMH.,3
2022,Latin American,Violations were cited in the following area(s).,2640
2022,Latin American,Establishment Closed by DOHMH. Violations were cited in the following area(s) and those requiring immediate action were addressed.,92
2022,Latin American,Establishment re-opened by DOHMH.,18
2022,Latin American,Establishment re-closed by DOHMH.,8
2022,Latin American,No violations were recorded at the time of this inspection.,9
2022,Nuts/Confectionary,Establishment re-opened by DOHMH.,1
2022,Nuts/Confectionary,Violations were cited in the following area(s).,2
2022,Nuts/Confectionary,Establishment Closed by DOHMH. Violations were cited in the following area(s) and those requiring immediate action were addressed.,5
2022,African,Violations were cited in the following area(s).,317
2022,African,Establishment Closed by DOHMH. Violations were cited in the following area(s) and those requiring immediate action were addressed.,31
2022,African,Establishment re-opened by DOHMH.,7
2022,African,No violations were recorded at the time of this inspection.,2
2022,Creole,Establishment Closed by DOHMH. Violations were cited in the following area(s) and those requiring immediate action were addressed.,12
2022,Creole,Violations were cited in the following area(s).,97
2022,Creole,Establishment re-opened by DOHMH.,4
2022,Steakhouse,Violations were cited in the following area(s).,267
2022,Steakhouse,No violations were recorded at the time of this inspection.,3
2022,Bangladeshi,Violations were cited in the following area(s).,204
2022,Bangladeshi,Establishment Closed by DOHMH. Violations were cited in the following area(s) and those requiring immediate action were addressed.,14
2022,Bangladeshi,Establishment re-opened by DOHMH.,8
2022,Bangladeshi,No violations were recorded at the time of this inspection.,3
2022,"Juice, Smoothies, Fruit Salads",Violations were cited in the following area(s).,1087
2022,"Juice, Smoothies, Fruit Salads",No violations were recorded at the time of this inspection.,5
2022,"Juice, Smoothies, Fruit Salads",Establishment Closed by DOHMH. Violations were cited in the following area(s) and those requiring immediate action were addressed.,11
2022,"Juice, Smoothies, Fruit Salads",Establishment re-opened by DOHMH.,2
2022,Sandwiches,Violations were cited in the following area(s).,1171
2022,Sandwiches,Establishment Closed by DOHMH. Violations were cited in the following area(s) and those requiring immediate action were addressed.,19
2022,Sandwiches,No violations were recorded at the time of this inspection.,6
2022,Sandwiches,Establishment re-opened by DOHMH.,9
2022,Sandwiches/Salads/Mixed Buffet,Violations were cited in the following area(s).,301
2022,Sandwiches/Salads/Mixed Buffet,No violations were recorded at the time of this inspection.,3
2022,Seafood,Violations were cited in the following area(s).,558
2022,Seafood,Establishment re-opened by DOHMH.,3
2022,Seafood,Establishment Closed by DOHMH. Violations were cited in the following area(s) and those requiring immediate action were addressed.,17
2022,Seafood,No violations were recorded at the time of this inspection.,1
2022,Filipino,Violations were cited in the following area(s).,126
2022,Filipino,Establishment Closed by DOHMH. Violations were cited in the following area(s) and those requiring immediate action were addressed.,8
2022,Filipino,Establishment re-opened by DOHMH.,5
2022,Filipino,No violations were recorded at the time of this inspection.,1
2022,Russian,Violations were cited in the following area(s).,187
2022,Russian,Establishment Closed by DOHMH. Violations were cited in the following area(s) and those requiring immediate action were addressed.,14
2022,Russian,Establishment re-opened by DOHMH.,4
2022,Vegetarian,Violations were cited in the following area(s).,180
2022,Vegetarian,Establishment Closed by DOHMH. Violations were cited in the following area(s) and those requiring immediate action were addressed.,9
2022,Vegetarian,Establishment re-opened by DOHMH.,2
2022,Peruvian,Violations were cited in the following area(s).,220
2022,Peruvian,Establishment Closed by DOHMH. Violations were cited in the following area(s) and those requiring immediate action were addressed.,11
2022,Peruvian,Establishment re-opened by DOHMH.,5
2022,Peruvian,Establishment re-closed by DOHMH.,3
2022,Hawaiian,Violations were cited in the following area(s).,112
2022,Hawaiian,Establishment Closed by DOHMH. Violations were cited in the following area(s) and those requiring immediate action were addressed.,15
2022,Hawaiian,Establishment re-opened by DOHMH.,3
2022,Irish,Violations were cited in the following area(s).,557
2022,Irish,No violations were recorded at the time of this inspection.,3
2022,Irish,Establishment Closed by DOHMH. Violations were cited in the following area(s) and those requiring immediate action were addressed.,13
2022,Irish,Establishment re-opened by DOHMH.,1
2022,New American,Violations were cited in the following area(s).,62
2022,Australian,Violations were cited in the following area(s).,99
2022,Brazilian,Violations were cited in the following area(s).,104
2022,Brazilian,No violations were recorded at the time of this inspection.,1
2022,Barbecue,Violations were cited in the following area(s).,137
2022,Barbecue,Establishment Closed by DOHMH. Violations were cited in the following area(s) and those requiring immediate action were addressed.,18
2022,Barbecue,Establishment re-opened by DOHMH.,4
2022,Fusion,Violations were cited in the following area(s).,100
2022,Fusion,No violations were recorded at the time of this inspection.,2
2022,Greek,Violations were cited in the following area(s).,389
2022,Greek,No violations were recorded at the time of this inspection.,3
2022,Egyptian,Violations were cited in the following area(s).,33
2022,Pancakes/Waffles,Violations were cited in the following area(s).,90
2022,Ethiopian,Violations were cited in the following area(s).,31
2022,Soul Food,Violations were cited in the following area(s).,119
2022,Other,Violations were cited in the following area(s).,168
2022,Other,No violations were recorded at the time of this inspection.,2
2022,Chinese/Cuban,Violations were cited in the following area(s).,35
2022,Middle Eastern,Violations were cited in the following area(s).,554
2022,Middle Eastern,Establishment re-opened by DOHMH.,9
2022,Middle Eastern,Establishment Closed by DOHMH. Violations were cited in the following area(s) and those requiring immediate action were addressed.,31
2022,Middle Eastern,Establishment re-closed by DOHMH.,6
2022,Middle Eastern,No violations were recorded at the time of this inspection.,6
2022,Continental,Violations were cited in the following area(s).,69
2022,Moroccan,Violations were cited in the following area(s).,21
2022,Bottled Beverages,Violations were cited in the following area(s).,249
2022,Bottled Beverages,Establishment Closed by DOHMH. Violations were cited in the following area(s) and those requiring immediate action were addressed.,5
2022,Bottled Beverages,Establishment re-opened by DOHMH.,1
2022,Bottled Beverages,No violations were recorded at the time of this inspection.,2
2022,Polish,Violations were cited in the following area(s).,47
2022,Polish,Establishment Closed by DOHMH. Violations were cited in the following area(s) and those requiring immediate action were addressed.,1
2022,Hotdogs,Violations were cited in the following area(s).,31
2022,Chinese/Japanese,Violations were cited in the following area(s).,120
2022,Salads,Violations were cited in the following area(s).,247
2022,Salads,No violations were recorded at the time of this inspection.,1
2022,Creole/Cajun,Violations were cited in the following area(s).,20
2022,Basque,Violations were cited in the following area(s).,5
2022,English,Violations were cited in the following area(s).,41
2022,Afghan,Violations were cited in the following area(s).,46
2022,Afghan,Establishment Closed by DOHMH. Violations were cited in the following area(s) and those requiring immediate action were addressed.,4
2022,Afghan,Establishment re-opened by DOHMH.,4
2022,Scandinavian,Violations were cited in the following area(s).,9
2022,Not Listed/Not Applicable,Violations were cited in the following area(s).,11
2022,Not Listed/Not Applicable,No violations were recorded at the time of this inspection.,1
2022,Indonesian,Violations were cited in the following area(s).,22
2022,Cajun,Violations were cited in the following area(s).,13
2022,Cajun,Establishment Closed by DOHMH. Violations were cited in the following area(s) and those requiring immediate action were addressed.,9
2022,Cajun,Establishment re-opened by DOHMH.,3
2022,Portuguese,Violations were cited in the following area(s).,29
2022,German,Violations were cited in the following area(s).,43
2022,New French,Violations were cited in the following area(s).,10
2022,Tapas,Violations were cited in the following area(s).,70
2022,Soups,Violations were cited in the following area(s).,12
2022,Hotdogs/Pretzels,Violations were cited in the following area(s).,47
2022,Chilean,Violations were cited in the following area(s).,5
2022,Soups/Salads/Sandwiches,Violations were cited in the following area(s).,29
2022,Soups/Salads/Sandwiches,No violations were recorded at the time of this inspection.,1
2022,Iranian,Violations were cited in the following area(s).,7
2022,Lebanese,Violations were cited in the following area(s).,4
2022,Fruits/Vegetables,Violations were cited in the following area(s).,2
2022,Haute Cuisine,Violations were cited in the following area(s).,3
2022,Czech,Violations were cited in the following area(s).,1
2025,Chinese,Violations were cited in the following area(s).,3980
2025,Chinese,No violations were recorded at the time of this inspection.,33
2025,Chinese,Establishment re-opened by DOHMH.,30
2025,Chinese,Establishment re-closed by DOHMH.,32
2025,Chinese,Establishment Closed by DOHMH. Violations were cited in the following area(s) and those requiring immediate action were addressed.,292
2025,Other,No violations were recorded at the time of this inspection.,14
2025,Other,Violations were cited in the following area(s).,893
2025,Other,Establishment Closed by DOHMH. Violations were cited in the following area(s) and those requiring immediate action were addressed.,14
2025,Other,Establishment re-opened by DOHMH.,1
2025,Japanese,Violations were cited in the following area(s).,1529
2025,Japanese,No violations were recorded at the time of this inspection.,22
2025,Japanese,Establishment Closed by DOHMH. Violations were cited in the following area(s) and those requiring immediate action were addressed.,68
2025,Japanese,Establishment re-opened by DOHMH.,11
2025,Japanese,Establishment re-closed by DOHMH.,7
2025,Spanish,Violations were cited in the following area(s).,1144
2025,Spanish,No violations were recorded at the time of this inspection.,11
2025,Spanish,Establishment re-opened by DOHMH.,3
2025,Spanish,Establishment Closed by DOHMH. Violations were cited in the following area(s) and those requiring immediate action were addressed.,37
2025,Coffee/Tea,Violations were cited in the following area(s).,2961
2025,Coffee/Tea,No violations were recorded at the time of this inspection.,32
2025,Coffee/Tea,Establishment Closed by DOHMH. Violations were cited in the following area(s) and those requiring immediate action were addressed.,104
2025,Coffee/Tea,Establishment re-closed by DOHMH.,5
2025,Coffee/Tea,Establishment re-opened by DOHMH.,15
2025,American,No violations were recorded at the time of this inspection.,69
2025,American,Violations were cited in the following area(s).,5641
2025,American,Establishment re-opened by DOHMH.,22
2025,American,Establishment re-closed by DOHMH.,19
2025,American,Establishment Closed by DOHMH. Violations were cited in the following area(s) and those requiring immediate action were addressed.,152
2025,Pizza,Violations were cited in the following area(s).,2250
2025,Pizza,No violations were recorded at the time of this inspection.,15
2025,Pizza,Establishment Closed by DOHMH. Violations were cited in the following area(s) and those requiring immediate action were addressed.,48
2025,Pizza,Establishment re-closed by DOHMH.,4
2025,Pizza,Establishment re-opened by DOHMH.,5
2025,Donuts,No violations were recorded at the time of this inspection.,8
2025,Donuts,Violations were cited in the following area(s).,648
2025,Donuts,Establishment Closed by DOHMH. Violations were cited in the following area(s) and those requiring immediate action were addressed.,13
2025,Donuts,Establishment re-opened by DOHMH.,2
2025,Donuts,Establishment re-closed by DOHMH.,4
2025,Italian,No violations were recorded at the time of this inspection.,15
2025,Italian,Violations were cited in the following area(s).,1023
2025,Italian,Establishment re-closed by DOHMH.,16
2025,Italian,Establishment Closed by DOHMH. Violations were cited in the following area(s) and those requiring immediate action were addressed.,10
2025,Italian,Establishment re-opened by DOHMH.,2
2025,Bakery Products/Desserts,Violations were cited in the following area(s).,1662
2025,Bakery Products/Desserts,No violations were recorded at the time of this inspection.,17
2025,Bakery Products/Desserts,Establishment Closed by DOHMH. Violations were cited in the following area(s) and those requiring immediate action were addressed.,110
2025,Bakery Products/Desserts,Establishment re-opened by DOHMH.,10
2025,Bakery Products/Desserts,Establishment re-closed by DOHMH.,12
2025,Thai,Violations were cited in the following area(s).,659
2025,Thai,No violations were recorded at the time of this inspection.,10
2025,Thai,Establishment Closed by DOHMH. Violations were cited in the following area(s) and those requiring immediate action were addressed.,36
2025,Thai,Establishment re-closed by DOHMH.,22
2025,Thai,Establishment re-opened by DOHMH.,5
2025,Chicken,Violations were cited in the following area(s).,1247
2025,Chicken,Establishment re-opened by DOHMH.,8
2025,Chicken,Establishment Closed by DOHMH. Violations were cited in the following area(s) and those requiring immediate action were addressed.,45
2025,Chicken,No violations were recorded at the time of this inspection.,13
2025,Asian/Asian Fusion,No violations were recorded at the time of this inspection.,16
2025,Asian/Asian Fusion,Violations were cited in the following area(s).,877
2025,Asian/Asian Fusion,Establishment Closed by DOHMH. Violations were cited in the following area(s) and those requiring immediate action were addressed.,25
2025,Asian/Asian Fusion,Establishment re-closed by DOHMH.,8
2025,Asian/Asian Fusion,Establishment re-opened by DOHMH.,3
2025,Hamburgers,No violations were recorded at the time of this inspection.,6
2025,Hamburgers,Violations were cited in the following area(s).,504
2025,Hamburgers,Establishment re-closed by DOHMH.,13
2025,Hamburgers,Establishment Closed by DOHMH. Violations were cited in the following area(s) and those requiring immediate action were addressed.,15
2025,Hamburgers,Establishment re-opened by DOHMH.,2
2025,Mexican,Violations were cited in the following area(s).,1589
2025,Mexican,No violations were recorded at the time of this inspection.,17
2025,Mexican,Establishment Closed by DOHMH. Violations were cited in the following area(s) and those requiring immediate action were addressed.,41
2025,Mexican,Establishment re-opened by DOHMH.,7
2025,Latin American,Violations were cited in the following area(s).,2066
2025,Latin American,No violations were recorded at the time of this inspection.,5
2025,Latin American,Establishment Closed by DOHMH. Violations were cited in the following area(s) and those requiring immediate action were addressed.,86
2025,Latin American,Establishment re-opened by DOHMH.,15
2025,Latin American,Establishment re-closed by DOHMH.,19
2025,Australian,No violations were recorded at the time of this inspection.,1
2025,Australian,Violations were cited in the following area(s).,34
2025,Tex-Mex,Violations were cited in the following area(s).,352
2025,Tex-Mex,Establishment Closed by DOHMH. Violations were cited in the following area(s) and those requiring immediate action were addressed.,22
2025,Tex-Mex,No violations were recorded at the time of this inspection.,7
2025,Tex-Mex,Establishment re-opened by DOHMH.,1
2025,Caribbean,Violations were cited in the following area(s).,1515
2025,Caribbean,Establishment Closed by DOHMH. Violations were cited in the following area(s) and those requiring immediate action were addressed.,90
2025,Caribbean,No violations were recorded at the time of this inspection.,7
2025,Caribbean,Establishment re-opened by DOHMH.,14
2025,Caribbean,Establishment re-closed by DOHMH.,18
2025,African,Violations were cited in the following area(s).,189
2025,African,Establishment Closed by DOHMH. Violations were cited in the following area(s) and those requiring immediate action were addressed.,36
2025,African,No violations were recorded at the time of this inspection.,4
2025,African,Establishment re-opened by DOHMH.,5
2025,Jewish/Kosher,Violations were cited in the following area(s).,546
2025,Jewish/Kosher,Establishment Closed by DOHMH. Violations were cited in the following area(s) and those requiring immediate action were addressed.,21
2025,Peruvian,Violations were cited in the following area(s).,148
2025,Peruvian,No violations were recorded at the time of this inspection.,4
2025,Eastern European,Violations were cited in the following area(s).,202
2025,Eastern European,Establishment Closed by DOHMH. Violations were cited in the following area(s) and those requiring immediate action were addressed.,8
2025,Eastern European,Establishment re-opened by DOHMH.,2
2025,Eastern European,No violations were recorded at the time of this inspection.,1
2025,Bangladeshi,No violations were recorded at the time of this inspection.,2
2025,Bangladeshi,Establishment re-closed by DOHMH.,16
2025,Bangladeshi,Violations were cited in the following area(s).,264
2025,Bangladeshi,Establishment Closed by DOHMH. Violations were cited in the following area(s) and those requiring immediate action were addressed.,34
2025,Bangladeshi,Establishment re-opened by DOHMH.,4
2025,Middle Eastern,No violations were recorded at the time of this inspection.,5
2025,Middle Eastern,Violations were cited in the following area(s).,399
2025,Middle Eastern,Establishment Closed by DOHMH. Violations were cited in the following area(s) and those requiring immediate action were addressed.,38
2025,Middle Eastern,Establishment re-opened by DOHMH.,3
2025,Middle Eastern,Establishment re-closed by DOHMH.,2
2025,Filipino,No violations were recorded at the time of this inspection.,4
2025,Filipino,Violations were cited in the following area(s).,86
2025,Korean,Violations were cited in the following area(s).,681
2025,Korean,No violations were recorded at the time of this inspection.,6
2025,Korean,Establishment Closed by DOHMH. Violations were cited in the following area(s) and those requiring immediate action were addressed.,16
2025,"Juice, Smoothies, Fruit Salads",Violations were cited in the following area(s).,705
2025,"Juice, Smoothies, Fruit Salads",No violations were recorded at the time of this inspection.,5
2025,"Juice, Smoothies, Fruit Salads",Establishment Closed by DOHMH. Violations were cited in the following area(s) and those requiring immediate action were addressed.,10
2025,"Juice, Smoothies, Fruit Salads",Establishment re-opened by DOHMH.,6
2025,"Juice, Smoothies, Fruit Salads",Establishment re-closed by DOHMH.,5
2025,Indian,Violations were cited in the following area(s).,725
2025,Indian,Establishment Closed by DOHMH. Violations were cited in the following area(s) and those requiring immediate action were addressed.,70
2025,Indian,Establishment re-opened by DOHMH.,8
2025,Indian,No violations were recorded at the time of this inspection.,6
2025,Indian,Establishment re-closed by DOHMH.,12
2025,Seafood,Violations were cited in the following area(s).,269
2025,Seafood,Establishment Closed by DOHMH. Violations were cited in the following area(s) and those requiring immediate action were addressed.,6
2025,Seafood,No violations were recorded at the time of this inspection.,4
2025,Seafood,Establishment re-opened by DOHMH.,1
2025,Frozen Desserts,Violations were cited in the following area(s).,341
2025,Frozen Desserts,Establishment re-opened by DOHMH.,4
2025,Frozen Desserts,Establishment Closed by DOHMH. Violations were cited in the following area(s) and those requiring immediate action were addressed.,26
2025,Frozen Desserts,No violations were recorded at the time of this inspection.,10
2025,Frozen Desserts,Establishment re-closed by DOHMH.,3
2025,Vegetarian,Violations were cited in the following area(s).,57
2025,Vegetarian,No violations were recorded at the time of this inspection.,1
2025,Fusion,Violations were cited in the following area(s).,168
2025,Fusion,Establishment Closed by DOHMH. Violations were cited in the following area(s) and those requiring immediate action were addressed.,8
2025,Fusion,No violations were recorded at the time of this inspection.,2
2025,Pakistani,Violations were cited in the following area(s).,120
2025,Pakistani,Establishment Closed by DOHMH. Violations were cited in the following area(s) and those requiring immediate action were addressed.,7
2025,Pakistani,No violations were recorded at the time of this inspection.,2
2025,French,Violations were cited in the following area(s).,292
2025,French,No violations were recorded at the time of this inspection.,3
2025,Sandwiches,Violations were cited in the following area(s).,594
2025,Sandwiches,Establishment Closed by DOHMH. Violations were cited in the following area(s) and those requiring immediate action were addressed.,32
2025,Sandwiches,Establishment re-opened by DOHMH.,6
2025,Sandwiches,No violations were recorded at the time of this inspection.,7
2025,Bagels/Pretzels,Violations were cited in the following area(s).,354
2025,Bagels/Pretzels,Establishment re-opened by DOHMH.,1
2025,Bagels/Pretzels,Establishment Closed by DOHMH. Violations were cited in the following area(s) and those requiring immediate action were addressed.,14
2025,Bagels/Pretzels,No violations were recorded at the time of this inspection.,2
2025,Sandwiches/Salads/Mixed Buffet,Violations were cited in the following area(s).,234
2025,Sandwiches/Salads/Mixed Buffet,Establishment Closed by DOHMH. Violations were cited in the following area(s) and those requiring immediate action were addressed.,19
2025,Sandwiches/Salads/Mixed Buffet,No violations were recorded at the time of this inspection.,2
2025,Soups/Salads/Sandwiches,Violations were cited in the following area(s).,36
2025,Soups/Salads/Sandwiches,No violations were recorded at the time of this inspection.,1
2025,Creole,Violations were cited in the following area(s).,67
2025,Creole,No violations were recorded at the time of this inspection.,1
2025,Mediterranean,Violations were cited in the following area(s).,436
2025,Mediterranean,Establishment Closed by DOHMH. Violations were cited in the following area(s) and those requiring immediate action were addressed.,51
2025,Mediterranean,Establishment re-opened by DOHMH.,7
2025,Mediterranean,No violations were recorded at the time of this inspection.,2
2025,Mediterranean,Establishment re-closed by DOHMH.,4
2025,Barbecue,Violations were cited in the following area(s).,58
2025,Barbecue,No violations were recorded at the time of this inspection.,2
2025,Chinese/Japanese,Violations were cited in the following area(s).,113
2025,Not Listed/Not Applicable,Violations were cited in the following area(s).,4
2025,Soul Food,Violations were cited in the following area(s).,93
2025,Soul Food,No violations were recorded at the time of this inspection.,1
2025,Armenian,Violations were cited in the following area(s).,29
2025,New American,Establishment re-opened by DOHMH.,3
2025,New American,Violations were cited in the following area(s).,96
2025,New American,Establishment Closed by DOHMH. Violations were cited in the following area(s) and those requiring immediate action were addressed.,14
2025,New American,No violations were recorded at the time of this inspection.,1
2025,Hawaiian,Violations were cited in the following area(s).,40
2025,Greek,Violations were cited in the following area(s).,162
2025,Greek,Establishment Closed by DOHMH. Violations were cited in the following area(s) and those requiring immediate action were addressed.,6
2025,Greek,Establishment re-opened by DOHMH.,4
2025,Greek,No violations were recorded at the time of this inspection.,2
2025,Irish,Violations were cited in the following area(s).,158
2025,Irish,No violations were recorded at the time of this inspection.,1
2025,Continental,Violations were cited in the following area(s).,81
2025,Continental,No violations were recorded at the time of this inspection.,1
2025,Salads,Violations were cited in the following area(s).,115
2025,Salads,Establishment re-opened by DOHMH.,1
2025,Polish,Violations were cited in the following area(s).,18
2025,Polish,No violations were recorded at the time of this inspection.,1
2025,Russian,Violations were cited in the following area(s).,57
2025,Bottled Beverages,Violations were cited in the following area(s).,108
2025,Bottled Beverages,No violations were recorded at the time of this inspection.,2
2025,Southeast Asian,Violations were cited in the following area(s).,171
2025,Southeast Asian,No violations were recorded at the time of this inspection.,4
2025,Pancakes/Waffles,Violations were cited in the following area(s).,87
2025,Pancakes/Waffles,No violations were recorded at the time of this inspection.,1
2025,Steakhouse,Violations were cited in the following area(s).,86
2025,Steakhouse,No violations were recorded at the time of this inspection.,1
2025,Hotdogs/Pretzels,Violations were cited in the following area(s).,46
2025,Hotdogs/Pretzels,No violations were recorded at the time of this inspection.,4
2025,Ethiopian,Violations were cited in the following area(s).,10
2025,Ethiopian,Establishment Closed by DOHMH. Violations were cited in the following area(s) and those requiring immediate action were addressed.,9
2025,Ethiopian,Establishment re-opened by DOHMH.,1
2025,Tapas,Violations were cited in the following area(s).,41
2025,Brazilian,Violations were cited in the following area(s).,46
2025,Vegan,Violations were cited in the following area(s).,92
2025,Vegan,Establishment re-opened by DOHMH.,2
2025,Vegan,Establishment Closed by DOHMH. Violations were cited in the following area(s) and those requiring immediate action were addressed.,9
2025,Vegan,No violations were recorded at the time of this inspection.,2
2025,Turkish,Violations were cited in the following area(s).,114
2025,English,Violations were cited in the following area(s).,7
2025,Afghan,Violations were cited in the following area(s).,18
2025,Moroccan,Violations were cited in the following area(s).,31
2025,Hotdogs,Violations were cited in the following area(s).,14
2025,Hotdogs,No violations were recorded at the time of this inspection.,3
2025,Fruits/Vegetables,Violations were cited in the following area(s).,18
2025,Basque,Violations were cited in the following area(s).,10
2025,Chinese/Cuban,Violations were cited in the following area(s).,17
2025,Chinese/Cuban,Establishment Closed by DOHMH. Violations were cited in the following area(s) and those requiring immediate action were addressed.,6
2025,Creole/Cajun,Violations were cited in the following area(s).,5
2025,Creole/Cajun,No violations were recorded at the time of this inspection.,1
2025,Chilean,Violations were cited in the following area(s).,7
2025,German,Violations were cited in the following area(s).,25
2025,German,No violations were recorded at the time of this inspection.,2
2025,Portuguese,Violations were cited in the following area(s).,6
2025,Nuts/Confectionary,Violations were cited in the following area(s).,6
2025,Egyptian,Violations were cited in the following area(s).,7
2025,New French,Violations were cited in the following area(s).,16
2025,Lebanese,Violations were cited in the following area(s).,8
2025,Scandinavian,Violations were cited in the following area(s).,4
2025,Indonesian,Violations were cited in the following area(s).,9
2025,Indonesian,No violations were recorded at the time of this inspection.,1
2025,Czech,Violations were cited in the following area(s).,3
2025,Cajun,Violations were cited in the following area(s).,7
2025,Californian,Violations were cited in the following area(s).,5
2025,Southwestern,Violations were cited in the following area(s).,2
2025,Iranian,No violations were recorded at the time of this inspection.,2
2023,American,Violations were cited in the following area(s).,10992
2023,American,No violations were recorded at the time of this inspection.,86
2023,American,Establishment Closed by DOHMH. Violations were cited in the following area(s) and those requiring immediate action were addressed.,208
2023,American,Establishment re-closed by DOHMH.,23
2023,American,Establishment re-opened by DOHMH.,45
2023,Chinese,Violations were cited in the following area(s).,6507
2023,Chinese,No violations were recorded at the time of this inspection.,20
2023,Chinese,Establishment re-closed by DOHMH.,44
2023,Chinese,Establishment re-opened by DOHMH.,113
2023,Chinese,Establishment Closed by DOHMH. Violations were cited in the following area(s) and those requiring immediate action were addressed.,407
2023,Hotdogs,No violations were recorded at the time of this inspection.,4
2023,Hotdogs,Violations were cited in the following area(s).,42
2023,Indian,Violations were cited in the following area(s).,1196
2023,Indian,Establishment Closed by DOHMH. Violations were cited in the following area(s) and those requiring immediate action were addressed.,106
2023,Indian,Establishment re-closed by DOHMH.,12
2023,Indian,Establishment re-opened by DOHMH.,23
2023,Indian,No violations were recorded at the time of this inspection.,2
2023,Asian/Asian Fusion,Violations were cited in the following area(s).,1259
2023,Asian/Asian Fusion,Establishment Closed by DOHMH. Violations were cited in the following area(s) and those requiring immediate action were addressed.,53
2023,Asian/Asian Fusion,Establishment re-opened by DOHMH.,21
2023,Asian/Asian Fusion,No violations were recorded at the time of this inspection.,10
2023,Asian/Asian Fusion,Establishment re-closed by DOHMH.,16
2023,Japanese,Violations were cited in the following area(s).,2393
2023,Japanese,No violations were recorded at the time of this inspection.,14
2023,Japanese,Establishment Closed by DOHMH. Violations were cited in the following area(s) and those requiring immediate action were addressed.,65
2023,Japanese,Establishment re-opened by DOHMH.,18
2023,Japanese,Establishment re-closed by DOHMH.,15
2023,Pizza,Violations were cited in the following area(s).,4313
2023,Pizza,Establishment re-opened by DOHMH.,30
2023,Pizza,Establishment Closed by DOHMH. Violations were cited in the following area(s) and those requiring immediate action were addressed.,156
2023,Pizza,Establishment re-closed by DOHMH.,9
2023,Pizza,No violations were recorded at the time of this inspection.,36
2023,Korean,Violations were cited in the following area(s).,1070
2023,Korean,Establishment Closed by DOHMH. Violations were cited in the following area(s) and those requiring immediate action were addressed.,26
2023,Korean,Establishment re-closed by DOHMH.,16
2023,Korean,Establishment re-opened by DOHMH.,5
2023,Korean,No violations were recorded at the time of this inspection.,4
2023,Bakery Products/Desserts,Violations were cited in the following area(s).,2633
2023,Bakery Products/Desserts,Establishment re-closed by DOHMH.,39
2023,Bakery Products/Desserts,Establishment Closed by DOHMH. Violations were cited in the following area(s) and those requiring immediate action were addressed.,190
2023,Bakery Products/Desserts,Establishment re-opened by DOHMH.,36
2023,Bakery Products/Desserts,No violations were recorded at the time of this inspection.,10
2023,Coffee/Tea,No violations were recorded at the time of this inspection.,43
2023,Coffee/Tea,Violations were cited in the following area(s).,5083
2023,Coffee/Tea,Establishment Closed by DOHMH. Violations were cited in the following area(s) and those requiring immediate action were addressed.,54
2023,Coffee/Tea,Establishment re-opened by DOHMH.,14
2023,Coffee/Tea,Establishment re-closed by DOHMH.,4
2023,Mediterranean,Establishment re-opened by DOHMH.,3
2023,Mediterranean,Violations were cited in the following area(s).,840
2023,Mediterranean,Establishment Closed by DOHMH. Violations were cited in the following area(s) and those requiring immediate action were addressed.,19
2023,Mediterranean,No violations were recorded at the time of this inspection.,4
2023,Mediterranean,Establishment re-closed by DOHMH.,4
2023,Jewish/Kosher,Violations were cited in the following area(s).,1012
2023,Jewish/Kosher,No violations were recorded at the time of this inspection.,3
2023,Jewish/Kosher,Establishment Closed by DOHMH. Violations were cited in the following area(s) and those requiring immediate action were addressed.,27
2023,Jewish/Kosher,Establishment re-closed by DOHMH.,3
2023,Jewish/Kosher,Establishment re-opened by DOHMH.,3
2023,Caribbean,Violations were cited in the following area(s).,2265
2023,Caribbean,No violations were recorded at the time of this inspection.,11
2023,Caribbean,Establishment re-closed by DOHMH.,2
2023,Caribbean,Establishment Closed by DOHMH. Violations were cited in the following area(s) and those requiring immediate action were addressed.,103
2023,Caribbean,Establishment re-opened by DOHMH.,17
2023,Donuts,Violations were cited in the following area(s).,1299
2023,Donuts,No violations were recorded at the time of this inspection.,15
2023,Donuts,Establishment Closed by DOHMH. Violations were cited in the following area(s) and those requiring immediate action were addressed.,5
2023,Donuts,Establishment re-closed by DOHMH.,4
2023,Donuts,Establishment re-opened by DOHMH.,2
2023,Fusion,Violations were cited in the following area(s).,174
2023,Fusion,No violations were recorded at the time of this inspection.,2
2023,Seafood,Establishment re-opened by DOHMH.,3
2023,Seafood,Violations were cited in the following area(s).,612
2023,Seafood,Establishment Closed by DOHMH. Violations were cited in the following area(s) and those requiring immediate action were addressed.,18
2023,Seafood,No violations were recorded at the time of this inspection.,2
2023,Thai,Violations were cited in the following area(s).,1005
2023,Thai,Establishment Closed by DOHMH. Violations were cited in the following area(s) and those requiring immediate action were addressed.,67
2023,Thai,No violations were recorded at the time of this inspection.,6
2023,Thai,Establishment re-closed by DOHMH.,4
2023,Thai,Establishment re-opened by DOHMH.,15
2023,Latin American,Violations were cited in the following area(s).,2955
2023,Latin American,Establishment Closed by DOHMH. Violations were cited in the following area(s) and those requiring immediate action were addressed.,76
2023,Latin American,Establishment re-opened by DOHMH.,14
2023,Latin American,No violations were recorded at the time of this inspection.,22
2023,Latin American,Establishment re-closed by DOHMH.,4
2023,African,Violations were cited in the following area(s).,255
2023,African,Establishment Closed by DOHMH. Violations were cited in the following area(s) and those requiring immediate action were addressed.,17
2023,African,Establishment re-opened by DOHMH.,2
2023,African,No violations were recorded at the time of this inspection.,2
2023,Other,Violations were cited in the following area(s).,788
2023,Other,No violations were recorded at the time of this inspection.,8
2023,Other,Establishment Closed by DOHMH. Violations were cited in the following area(s) and those requiring immediate action were addressed.,14
2023,Other,Establishment re-opened by DOHMH.,7
2023,Mexican,Violations were cited in the following area(s).,2897
2023,Mexican,Establishment re-opened by DOHMH.,13
2023,Mexican,Establishment Closed by DOHMH. Violations were cited in the following area(s) and those requiring immediate action were addressed.,53
2023,Mexican,No violations were recorded at the time of this inspection.,17
2023,Hamburgers,No violations were recorded at the time of this inspection.,11
2023,Hamburgers,Violations were cited in the following area(s).,1049
2023,Hamburgers,Establishment Closed by DOHMH. Violations were cited in the following area(s) and those requiring immediate action were addressed.,15
2023,Hamburgers,Establishment re-opened by DOHMH.,4
2023,Spanish,Violations were cited in the following area(s).,1904
2023,Spanish,Establishment Closed by DOHMH. Violations were cited in the following area(s) and those requiring immediate action were addressed.,48
2023,Spanish,No violations were recorded at the time of this inspection.,8
2023,Spanish,Establishment re-opened by DOHMH.,12
2023,Spanish,Establishment re-closed by DOHMH.,4
2023,Sandwiches,Violations were cited in the following area(s).,1284
2023,Sandwiches,Establishment Closed by DOHMH. Violations were cited in the following area(s) and those requiring immediate action were addressed.,38
2023,Sandwiches,Establishment re-opened by DOHMH.,9
2023,Sandwiches,No violations were recorded at the time of this inspection.,7
2023,Sandwiches,Establishment re-closed by DOHMH.,3
2023,Italian,Violations were cited in the following area(s).,2409
2023,Italian,Establishment re-closed by DOHMH.,18
2023,Italian,Establishment Closed by DOHMH. Violations were cited in the following area(s) and those requiring immediate action were addressed.,62
2023,Italian,No violations were recorded at the time of this inspection.,9
2023,Italian,Establishment re-opened by DOHMH.,12
2023,Bangladeshi,Violations were cited in the following area(s).,226
2023,Bangladeshi,Establishment Closed by DOHMH. Violations were cited in the following area(s) and those requiring immediate action were addressed.,59
2023,Bangladeshi,Establishment re-closed by DOHMH.,4
2023,Bangladeshi,No violations were recorded at the time of this inspection.,2
2023,Bangladeshi,Establishment re-opened by DOHMH.,5
2023,Bottled Beverages,Violations were cited in the following area(s).,327
2023,Bottled Beverages,Establishment re-opened by DOHMH.,2
2023,Bottled Beverages,Establishment Closed by DOHMH. Violations were cited in the following area(s) and those requiring immediate action were addressed.,4
2023,Bottled Beverages,No violations were recorded at the time of this inspection.,2
2023,Pakistani,Violations were cited in the following area(s).,93
2023,Pakistani,Establishment Closed by DOHMH. Violations were cited in the following area(s) and those requiring immediate action were addressed.,25
2023,Pakistani,Establishment re-closed by DOHMH.,8
2023,Pakistani,Establishment re-opened by DOHMH.,10
2023,Southeast Asian,Violations were cited in the following area(s).,265
2023,Southeast Asian,Establishment Closed by DOHMH. Violations were cited in the following area(s) and those requiring immediate action were addressed.,12
2023,Southeast Asian,Establishment re-opened by DOHMH.,3
2023,Southeast Asian,No violations were recorded at the time of this inspection.,3
2023,Irish,Violations were cited in the following area(s).,448
2023,Irish,Establishment re-closed by DOHMH.,5
2023,Irish,Establishment re-opened by DOHMH.,2
2023,Irish,Establishment Closed by DOHMH. Violations were cited in the following area(s) and those requiring immediate action were addressed.,8
2023,Irish,No violations were recorded at the time of this inspection.,2
2023,Chicken,Violations were cited in the following area(s).,1804
2023,Chicken,Establishment Closed by DOHMH. Violations were cited in the following area(s) and those requiring immediate action were addressed.,52
2023,Chicken,Establishment re-opened by DOHMH.,14
2023,Chicken,No violations were recorded at the time of this inspection.,22
2023,Chicken,Establishment re-closed by DOHMH.,13
2023,Vegan,Establishment Closed by DOHMH. Violations were cited in the following area(s) and those requiring immediate action were addressed.,7
2023,Vegan,Violations were cited in the following area(s).,180
2023,Vegan,Establishment re-closed by DOHMH.,6
2023,Vegan,Establishment re-opened by DOHMH.,1
2023,Middle Eastern,Violations were cited in the following area(s).,619
2023,Middle Eastern,Establishment Closed by DOHMH. Violations were cited in the following area(s) and those requiring immediate action were addressed.,28
2023,Middle Eastern,No violations were recorded at the time of this inspection.,6
2023,Middle Eastern,Establishment re-opened by DOHMH.,2
2023,Turkish,Violations were cited in the following area(s).,193
2023,Turkish,Establishment Closed by DOHMH. Violations were cited in the following area(s) and those requiring immediate action were addressed.,9
2023,Turkish,Establishment re-opened by DOHMH.,2
2023,"Juice, Smoothies, Fruit Salads",Violations were cited in the following area(s).,1427
2023,"Juice, Smoothies, Fruit Salads",Establishment Closed by DOHMH. Violations were cited in the following area(s) and those requiring immediate action were addressed.,25
2023,"Juice, Smoothies, Fruit Salads",No violations were recorded at the time of this inspection.,16
2023,"Juice, Smoothies, Fruit Salads",Establishment re-opened by DOHMH.,2
2023,Chinese/Japanese,Violations were cited in the following area(s).,126
2023,Chinese/Japanese,Establishment Closed by DOHMH. Violations were cited in the following area(s) and those requiring immediate action were addressed.,8
2023,Salads,Violations were cited in the following area(s).,229
2023,Salads,No violations were recorded at the time of this inspection.,2
2023,Barbecue,Violations were cited in the following area(s).,173
2023,Barbecue,No violations were recorded at the time of this inspection.,2
2023,Barbecue,Establishment Closed by DOHMH. Violations were cited in the following area(s) and those requiring immediate action were addressed.,5
2023,Barbecue,Establishment re-opened by DOHMH.,1
2023,Frozen Desserts,Violations were cited in the following area(s).,741
2023,Frozen Desserts,No violations were recorded at the time of this inspection.,7
2023,Frozen Desserts,Establishment re-opened by DOHMH.,4
2023,Frozen Desserts,Establishment Closed by DOHMH. Violations were cited in the following area(s) and those requiring immediate action were addressed.,3
2023,Creole/Cajun,Violations were cited in the following area(s).,15
2023,French,Violations were cited in the following area(s).,698
2023,French,No violations were recorded at the time of this inspection.,3
2023,Tex-Mex,Violations were cited in the following area(s).,824
2023,Tex-Mex,Establishment Closed by DOHMH. Violations were cited in the following area(s) and those requiring immediate action were addressed.,9
2023,Tex-Mex,Establishment re-opened by DOHMH.,3
2023,Tex-Mex,No violations were recorded at the time of this inspection.,8
2023,Bagels/Pretzels,Violations were cited in the following area(s).,725
2023,Bagels/Pretzels,Establishment Closed by DOHMH. Violations were cited in the following area(s) and those requiring immediate action were addressed.,10
2023,Bagels/Pretzels,No violations were recorded at the time of this inspection.,2
2023,Bagels/Pretzels,Establishment re-opened by DOHMH.,3
2023,Afghan,Violations were cited in the following area(s).,54
2023,Vegetarian,Violations were cited in the following area(s).,164
2023,Vegetarian,Establishment Closed by DOHMH. Violations were cited in the following area(s) and those requiring immediate action were addressed.,15
2023,Vegetarian,Establishment re-opened by DOHMH.,3
2023,Vegetarian,No violations were recorded at the time of this inspection.,1
2023,Armenian,Violations were cited in the following area(s).,30
2023,Scandinavian,Violations were cited in the following area(s).,20
2023,Filipino,Violations were cited in the following area(s).,96
2023,Greek,Violations were cited in the following area(s).,375
2023,Greek,No violations were recorded at the time of this inspection.,2
2023,Peruvian,Violations were cited in the following area(s).,267
2023,Peruvian,Establishment Closed by DOHMH. Violations were cited in the following area(s) and those requiring immediate action were addressed.,7
2023,Peruvian,Establishment re-opened by DOHMH.,3
2023,Ethiopian,Violations were cited in the following area(s).,41
2023,German,Violations were cited in the following area(s).,51
2023,German,No violations were recorded at the time of this inspection.,1
2023,Nuts/Confectionary,Violations were cited in the following area(s).,8
2023,Hawaiian,Violations were cited in the following area(s).,100
2023,Hawaiian,Establishment Closed by DOHMH. Violations were cited in the following area(s) and those requiring immediate action were addressed.,5
2023,Hawaiian,Establishment re-opened by DOHMH.,1
2023,Steakhouse,Violations were cited in the following area(s).,243
2023,Steakhouse,No violations were recorded at the time of this inspection.,2
2023,Sandwiches/Salads/Mixed Buffet,Violations were cited in the following area(s).,379
2023,Sandwiches/Salads/Mixed Buffet,No violations were recorded at the time of this inspection.,3
2023,Sandwiches/Salads/Mixed Buffet,Establishment re-closed by DOHMH.,7
2023,Sandwiches/Salads/Mixed Buffet,Establishment Closed by DOHMH. Violations were cited in the following area(s) and those requiring immediate action were addressed.,17
2023,Sandwiches/Salads/Mixed Buffet,Establishment re-opened by DOHMH.,2
2023,Continental,Violations were cited in the following area(s).,105
2023,Egyptian,Establishment re-closed by DOHMH.,4
2023,Egyptian,Violations were cited in the following area(s).,12
2023,Egyptian,Establishment Closed by DOHMH. Violations were cited in the following area(s) and those requiring immediate action were addressed.,13
2023,Egyptian,Establishment re-opened by DOHMH.,1
2023,Eastern European,Violations were cited in the following area(s).,285
2023,Eastern European,Establishment Closed by DOHMH. Violations were cited in the following area(s) and those requiring immediate action were addressed.,15
2023,Eastern European,Establishment re-opened by DOHMH.,8
2023,Eastern European,No violations were recorded at the time of this inspection.,1
2023,New American,Violations were cited in the following area(s).,96
2023,Russian,Violations were cited in the following area(s).,110
2023,Russian,Establishment Closed by DOHMH. Violations were cited in the following area(s) and those requiring immediate action were addressed.,7
2023,Russian,Establishment re-opened by DOHMH.,2
2023,Russian,No violations were recorded at the time of this inspection.,1
2023,Creole,Violations were cited in the following area(s).,91
2023,Californian,Violations were cited in the following area(s).,12
2023,Soul Food,Violations were cited in the following area(s).,194
2023,Soul Food,Establishment Closed by DOHMH. Violations were cited in the following area(s) and those requiring immediate action were addressed.,7
2023,Soul Food,Establishment re-opened by DOHMH.,1
2023,Soul Food,Establishment re-closed by DOHMH.,3
2023,Soul Food,No violations were recorded at the time of this inspection.,1
2023,Portuguese,Violations were cited in the following area(s).,19
2023,Australian,Violations were cited in the following area(s).,69
2023,Pancakes/Waffles,Violations were cited in the following area(s).,105
2023,Pancakes/Waffles,Establishment Closed by DOHMH. Violations were cited in the following area(s) and those requiring immediate action were addressed.,6
2023,Pancakes/Waffles,Establishment re-opened by DOHMH.,2
2023,Pancakes/Waffles,No violations were recorded at the time of this inspection.,1
2023,Moroccan,Violations were cited in the following area(s).,40
2023,Moroccan,Establishment Closed by DOHMH. Violations were cited in the following area(s) and those requiring immediate action were addressed.,6
2023,Moroccan,Establishment re-closed by DOHMH.,3
2023,Moroccan,Establishment re-opened by DOHMH.,2
2023,Indonesian,Violations were cited in the following area(s).,16
2023,Soups/Salads/Sandwiches,Violations were cited in the following area(s).,73
2023,Soups/Salads/Sandwiches,No violations were recorded at the time of this inspection.,1
2023,Tapas,Violations were cited in the following area(s).,116
2023,Tapas,No violations were recorded at the time of this inspection.,1
2023,Chilean,Violations were cited in the following area(s).,11
2023,Basque,Violations were cited in the following area(s).,14
2023,Fruits/Vegetables,Violations were cited in the following area(s).,10
2023,Brazilian,Violations were cited in the following area(s).,53
2023,Soups,Violations were cited in the following area(s).,15
2023,Iranian,Violations were cited in the following area(s).,15
2023,Haute Cuisine,Violations were cited in the following area(s).,2
2023,Hotdogs/Pretzels,Violations were cited in the following area(s).,46
2023,Hotdogs/Pretzels,No violations were recorded at the time of this inspection.,7
2023,Chinese/Cuban,Violations were cited in the following area(s).,75
2023,Chinese/Cuban,Establishment Closed by DOHMH. Violations were cited in the following area(s) and those requiring immediate action were addressed.,11
2023,Chinese/Cuban,Establishment re-opened by DOHMH.,2
2023,Polish,Violations were cited in the following area(s).,40
2023,Not Listed/Not Applicable,Violations were cited in the following area(s).,18
2023,New French,Violations were cited in the following area(s).,19
2023,Lebanese,Violations were cited in the following area(s).,16
2023,Czech,Violations were cited in the following area(s).,2
2023,English,Violations were cited in the following area(s).,27
2023,Chimichurri,Violations were cited in the following area(s).,2
2023,Cajun,Violations were cited in the following area(s).,27
2019,Mexican,Violations were cited in the following area(s).,33
2019,Latin American,Violations were cited in the following area(s).,51
2019,Latin American,No violations were recorded at the time of this inspection.,1
2019,American,No violations were recorded at the time of this inspection.,10
2019,American,Violations were cited in the following area(s).,487
2019,American,Establishment Closed by DOHMH. Violations were cited in the following area(s) and those requiring immediate action were addressed.,7
2019,American,Establishment re-opened by DOHMH.,1
2019,American,Establishment re-closed by DOHMH.,2
2019,Italian,Violations were cited in the following area(s).,38
2019,Italian,No violations were recorded at the time of this inspection.,1
2019,Coffee/Tea,Violations were cited in the following area(s).,24
2019,Coffee/Tea,No violations were recorded at the time of this inspection.,1
2019,Bottled Beverages,Violations were cited in the following area(s).,17
2019,Chinese,Violations were cited in the following area(s).,78
2019,Spanish,Violations were cited in the following area(s).,23
2019,Caribbean,Violations were cited in the following area(s).,63
2019,Caribbean,Establishment Closed by DOHMH. Violations were cited in the following area(s) and those requiring immediate action were addressed.,13
2019,Caribbean,Establishment re-opened by DOHMH.,1
2019,French,Violations were cited in the following area(s).,29
2019,Middle Eastern,Violations were cited in the following area(s).,6
2019,Tapas,Violations were cited in the following area(s).,6
2019,Fruits/Vegetables,Violations were cited in the following area(s).,7
2019,Other,Violations were cited in the following area(s).,25
2019,Other,No violations were recorded at the time of this inspection.,2
2019,Korean,Violations were cited in the following area(s).,30
2019,Korean,Establishment Closed by DOHMH. Violations were cited in the following area(s) and those requiring immediate action were addressed.,7
2019,Korean,Establishment re-opened by DOHMH.,1
2019,Pizza,Establishment Closed by DOHMH. Violations were cited in the following area(s) and those requiring immediate action were addressed.,5
2019,Pizza,Establishment re-opened by DOHMH.,2
2019,Pizza,Violations were cited in the following area(s).,18
2019,Pizza,Establishment re-closed by DOHMH.,7
2019,Pizza,No violations were recorded at the time of this inspection.,2
2019,Seafood,Violations were cited in the following area(s).,16
2019,German,Violations were cited in the following area(s).,2
2019,German,No violations were recorded at the time of this inspection.,1
2019,Polish,Violations were cited in the following area(s).,8
2019,Polish,Establishment Closed by DOHMH. Violations were cited in the following area(s) and those requiring immediate action were addressed.,11
2019,Polish,Establishment re-opened by DOHMH.,1
2019,Ethiopian,Violations were cited in the following area(s).,11
2019,Ethiopian,Establishment Closed by DOHMH. Violations were cited in the following area(s) and those requiring immediate action were addressed.,4
2019,Ethiopian,Establishment re-opened by DOHMH.,1
2019,Tex-Mex,Establishment Closed by DOHMH. Violations were cited in the following area(s) and those requiring immediate action were addressed.,5
2019,Tex-Mex,Violations were cited in the following area(s).,6
2019,Sandwiches/Salads/Mixed Buffet,Violations were cited in the following area(s).,2
2019,Jewish/Kosher,No violations were recorded at the time of this inspection.,1
2019,Jewish/Kosher,Violations were cited in the following area(s).,11
2019,Vegetarian,Violations were cited in the following area(s).,1
2019,Donuts,Violations were cited in the following area(s).,4
2019,Brazilian,Establishment re-opened by DOHMH.,2
2019,Brazilian,Establishment Closed by DOHMH. Violations were cited in the following area(s) and those requiring immediate action were addressed.,4
2019,Mediterranean,Violations were cited in the following area(s).,11
2019,African,Violations were cited in the following area(s).,11
2019,African,No violations were recorded at the time of this inspection.,1
2019,Frozen Desserts,Violations were cited in the following area(s).,9
2019,Frozen Desserts,No violations were recorded at the time of this inspection.,1
2019,Asian/Asian Fusion,Violations were cited in the following area(s).,2
2019,Russian,Violations were cited in the following area(s).,5
2019,Vegan,Violations were cited in the following area(s).,3
2019,"Juice, Smoothies, Fruit Salads",Violations were cited in the following area(s).,7
2019,Japanese,Violations were cited in the following area(s).,8
2019,Nuts/Confectionary,No violations were recorded at the time of this inspection.,1
2019,Bagels/Pretzels,Violations were cited in the following area(s).,1
2019,Eastern European,No violations were recorded at the time of this inspection.,1
2019,Indian,Violations were cited in the following area(s).,2
2019,Barbecue,Violations were cited in the following area(s).,1
2019,Hamburgers,Violations were cited in the following area(s).,3
2019,Soups/Salads/Sandwiches,Violations were cited in the following area(s).,2
2019,Hotdogs,Violations were cited in the following area(s).,4
2019,Hotdogs,No violations were recorded at the time of this inspection.,1
2019,Hotdogs/Pretzels,Violations were cited in the following area(s).,1
2019,Peruvian,Violations were cited in the following area(s).,3
2019,Greek,Violations were cited in the following area(s).,2
2019,Sandwiches,Violations were cited in the following area(s).,1
2017,American,Violations were cited in the following area(s).,310
2017,American,No violations were recorded at the time of this inspection.,10
2017,Soups/Salads/Sandwiches,Violations were cited in the following area(s).,13
2017,Jewish/Kosher,Violations were cited in the following area(s).,5
2017,Italian,Violations were cited in the following area(s).,24
2017,Italian,No violations were recorded at the time of this inspection.,1
2017,Pizza,Violations were cited in the following area(s).,7
2017,Chinese,Violations were cited in the following area(s).,16
2017,Chinese,Establishment Closed by DOHMH. Violations were cited in the following area(s) and those requiring immediate action were addressed.,8
2017,Chinese,Establishment re-opened by DOHMH.,2
2017,Japanese,Violations were cited in the following area(s).,13
2017,Bottled Beverages,Violations were cited in the following area(s).,15
2017,Latin American,Violations were cited in the following area(s).,24
2017,Spanish,Violations were cited in the following area(s).,22
2017,Caribbean,Violations were cited in the following area(s).,7
2017,Caribbean,No violations were recorded at the time of this inspection.,1
2017,Mexican,Violations were cited in the following area(s).,12
2017,Sandwiches/Salads/Mixed Buffet,Violations were cited in the following area(s).,5
2017,French,Violations were cited in the following area(s).,4
2017,Hamburgers,Violations were cited in the following area(s).,3
2017,Hamburgers,No violations were recorded at the time of this inspection.,1
2017,Bagels/Pretzels,Violations were cited in the following area(s).,2
2017,Nuts/Confectionary,Violations were cited in the following area(s).,3
2017,Coffee/Tea,Violations were cited in the following area(s).,7
2017,"Juice, Smoothies, Fruit Salads",Violations were cited in the following area(s).,6
2017,Seafood,Violations were cited in the following area(s).,2
2017,Other,Violations were cited in the following area(s).,6
2017,Russian,Violations were cited in the following area(s).,2
2017,Mediterranean,Violations were cited in the following area(s).,6
2017,German,Violations were cited in the following area(s).,2
2017,Frozen Desserts,Violations were cited in the following area(s).,4
2017,African,Violations were cited in the following area(s).,1
2017,Korean,Violations were cited in the following area(s).,2
2017,Ethiopian,Violations were cited in the following area(s).,2
2017,Sandwiches,Violations were cited in the following area(s).,1
2017,Vegan,Violations were cited in the following area(s).,1
2018,American,Violations were cited in the following area(s).,432
2018,American,No violations were recorded at the time of this inspection.,9
2018,Other,Violations were cited in the following area(s).,11
2018,Other,Establishment re-opened by DOHMH.,1
2018,Other,No violations were recorded at the time of this inspection.,3
2018,Vegan,Violations were cited in the following area(s).,6
2018,Coffee/Tea,Violations were cited in the following area(s).,31
2018,Coffee/Tea,No violations were recorded at the time of this inspection.,1
2018,Italian,Violations were cited in the following area(s).,40
2018,Italian,No violations were recorded at the time of this inspection.,1
2018,Seafood,Violations were cited in the following area(s).,9
2018,Mexican,Violations were cited in the following area(s).,30
2018,Mexican,No violations were recorded at the time of this inspection.,1
2018,Japanese,Violations were cited in the following area(s).,15
2018,Latin American,Violations were cited in the following area(s).,25
2018,Frozen Desserts,Violations were cited in the following area(s).,10
2018,Eastern European,Violations were cited in the following area(s).,3
2018,Jewish/Kosher,Violations were cited in the following area(s).,8
2018,Caribbean,Violations were cited in the following area(s).,25
2018,Caribbean,No violations were recorded at the time of this inspection.,1
2018,Caribbean,Establishment Closed by DOHMH. Violations were cited in the following area(s) and those requiring immediate action were addressed.,3
2018,Caribbean,Establishment re-opened by DOHMH.,1
2018,Mediterranean,Violations were cited in the following area(s).,16
2018,Chinese,Violations were cited in the following area(s).,58
2018,Chinese,No violations were recorded at the time of this inspection.,1
2018,French,Violations were cited in the following area(s).,9
2018,Pizza,Violations were cited in the following area(s).,12
2018,Pizza,No violations were recorded at the time of this inspection.,1
2018,Korean,Violations were cited in the following area(s).,19
2018,Ethiopian,Violations were cited in the following area(s).,3
2018,Middle Eastern,Violations were cited in the following area(s).,2
2018,Greek,Violations were cited in the following area(s).,6
2018,Soups/Salads/Sandwiches,Violations were cited in the following area(s).,4
2018,Spanish,Violations were cited in the following area(s).,22
2018,Spanish,No violations were recorded at the time of this inspection.,2
2018,Bottled Beverages,Violations were cited in the following area(s).,10
2018,Bottled Beverages,No violations were recorded at the time of this inspection.,1
2018,Sandwiches/Salads/Mixed Buffet,Violations were cited in the following area(s).,4
2018,Peruvian,Violations were cited in the following area(s).,5
2018,Hamburgers,Violations were cited in the following area(s).,4
2018,Russian,Violations were cited in the following area(s).,4
2018,African,Violations were cited in the following area(s).,4
2018,Asian/Asian Fusion,Violations were cited in the following area(s).,1
2018,Asian/Asian Fusion,No violations were recorded at the time of this inspection.,1
2018,Nuts/Confectionary,Violations were cited in the following area(s).,3
2018,Sandwiches,Violations were cited in the following area(s).,1
2018,"Juice, Smoothies, Fruit Salads",Violations were cited in the following area(s).,3
2018,Hotdogs,Violations were cited in the following area(s).,2
2018,Donuts,Violations were cited in the following area(s).,1
2020,Italian,Violations were cited in the following area(s).,67
2020,Italian,No violations were recorded at the time of this inspection.,1
2020,American,No violations were recorded at the time of this inspection.,3
2020,American,Violations were cited in the following area(s).,165
2020,American,Establishment Closed by DOHMH. Violations were cited in the following area(s) and those requiring immediate action were addressed.,8
2020,American,Establishment re-opened by DOHMH.,1
2020,Bakery Products/Desserts,Violations were cited in the following area(s).,7
2020,Chinese,Violations were cited in the following area(s).,21
2020,Chinese,Establishment Closed by DOHMH. Violations were cited in the following area(s) and those requiring immediate action were addressed.,6
2020,Greek,Violations were cited in the following area(s).,17
2020,Japanese,Violations were cited in the following area(s).,25
2020,Bottled Beverages,Violations were cited in the following area(s).,9
2020,Frozen Desserts,Violations were cited in the following area(s).,11
2020,Seafood,Violations were cited in the following area(s).,3
2020,Mexican,Violations were cited in the following area(s).,27
2020,Pizza,Violations were cited in the following area(s).,20
2020,Pizza,Establishment Closed by DOHMH. Violations were cited in the following area(s) and those requiring immediate action were addressed.,11
2020,French,Violations were cited in the following area(s).,14
2020,Indian,Violations were cited in the following area(s).,5
2020,Caribbean,Violations were cited in the following area(s).,32
2020,Coffee/Tea,Violations were cited in the following area(s).,12
2020,Tapas,Violations were cited in the following area(s).,8
2020,Tex-Mex,Violations were cited in the following area(s).,3
2020,Hamburgers,Violations were cited in the following area(s).,2
2020,Jewish/Kosher,Violations were cited in the following area(s).,18
2020,Brazilian,Violations were cited in the following area(s).,4
2020,Steakhouse,Violations were cited in the following area(s).,4
2020,Steakhouse,No violations were recorded at the time of this inspection.,1
2020,Southeast Asian,Violations were cited in the following area(s).,3
2020,Ethiopian,Violations were cited in the following area(s).,5
2020,Latin American,Violations were cited in the following area(s).,9
2020,Turkish,Violations were cited in the following area(s).,3
2020,"Juice, Smoothies, Fruit Salads",Violations were cited in the following area(s).,5
2020,Nuts/Confectionary,Violations were cited in the following area(s).,2
2020,Mediterranean,Violations were cited in the following area(s).,6
2020,Asian/Asian Fusion,Violations were cited in the following area(s).,10
2020,Indonesian,Violations were cited in the following area(s).,4
2020,Peruvian,No violations were recorded at the time of this inspection.,1
2020,Other,Violations were cited in the following area(s).,3
2020,Soups/Salads/Sandwiches,Violations were cited in the following area(s).,2
2020,Korean,Violations were cited in the following area(s).,2
2020,Sandwiches/Salads/Mixed Buffet,Violations were cited in the following area(s).,2
2020,African,Violations were cited in the following area(s).,2
2020,Donuts,No violations were recorded at the time of this inspection.,1
2015,Other,Violations were cited in the following area(s).,5
2015,American,Violations were cited in the following area(s).,12
2015,American,Establishment re-opened by DOHMH.,1
2016,American,Violations were cited in the following area(s).,176
2016,American,No violations were recorded at the time of this inspection.,10
2016,Mediterranean,Violations were cited in the following area(s).,8
2016,Vegan,Violations were cited in the following area(s).,6
2016,Spanish,Violations were cited in the following area(s).,4
2016,Sandwiches/Salads/Mixed Buffet,No violations were recorded at the time of this inspection.,1
2016,Latin American,Violations were cited in the following area(s).,10
2016,Hotdogs,Violations were cited in the following area(s).,4
2016,Other,Violations were cited in the following area(s).,4
2016,Caribbean,Violations were cited in the following area(s).,9
2016,Caribbean,No violations were recorded at the time of this inspection.,1
2016,Bottled Beverages,Violations were cited in the following area(s).,4
2016,Japanese,Violations were cited in the following area(s).,1
2016,Korean,Violations were cited in the following area(s).,7
2016,Mexican,Violations were cited in the following area(s).,2
2016,Coffee/Tea,No violations were recorded at the time of this inspection.,1
2016,Coffee/Tea,Violations were cited in the following area(s).,1
2016,Hamburgers,Violations were cited in the following area(s).,2
2016,Italian,Violations were cited in the following area(s).,1
2016,Middle Eastern,Violations were cited in the following area(s).,2
2016,German,Violations were cited in the following area(s).,1
